Id,DistrictId,Rooms,Square,LifeSquare,KitchenSquare,Floor,HouseFloor,HouseYear,Ecology_1,Ecology_2,Ecology_3,Social_1,Social_2,Social_3,Healthcare_1,Helthcare_2,Shops_1,Shops_2
2446,8,2.0,57.72252684149739,34.97059696902939,8.0,3,12.0,1979,0.219006007,B,B,28,6746,3,990.0,1,4,B
12910,87,2.0,51.57888136931626,30.71452293668584,8.0,3,17.0,1987,0.100455735,B,B,43,7227,0,990.0,1,6,A
7463,48,2.0,82.29277266902147,42.383381597768434,10.0,2,22.0,2013,0.041124634,B,B,46,9515,5,990.0,1,10,B
10339,1,3.0,78.03560084335301,32.897128143083506,1.0,14,17.0,1977,0.007122317,B,B,1,264,0,990.0,0,1,B
3644,6,3.0,82.50410295433498,32.897128143083506,1.0,18,17.0,1977,0.243204519,B,B,5,1564,0,540.0,0,0,B
14108,17,1.0,32.23332778490517,20.974667932043825,7.0,7,9.0,1967,0.0,B,B,18,3374,5,620.0,1,2,B
5131,34,1.0,45.7599465308024,42.01243005555953,1.0,17,25.0,2016,0.069753361,B,B,53,13670,4,990.0,1,11,B
1161,27,1.0,41.88883468685247,32.897128143083506,1.0,9,1.0,2016,0.017647053,B,B,2,469,0,990.0,0,0,B
25,15,1.0,45.12395140735664,20.62711020416448,8.0,13,14.0,2009,0.158249043,B,B,21,5731,0,990.0,1,0,B
436,96,1.0,39.82889019656105,24.11813461581805,8.0,6,12.0,2000,0.041116354,B,B,53,14892,4,990.0,1,4,B
8099,1,1.0,40.57502850132533,42.05730586289189,1.0,6,17.0,1977,0.007122317,B,B,1,264,0,990.0,0,1,B
1573,39,1.0,46.29449902089583,21.96837793065621,11.0,7,16.0,2006,0.428825818,B,B,25,5011,8,730.0,0,2,B
15299,1,1.0,43.78871343674294,32.897128143083506,1.0,11,1.0,1977,0.014580716,B,B,3,760,1,990.0,0,0,B
6954,74,1.0,50.22329815561478,32.897128143083506,1.0,17,1.0,1977,0.075778755,B,B,6,1437,3,990.0,0,2,B
1000,35,2.0,63.51602545003964,63.30459923450146,1.0,5,18.0,2015,0.089039719,B,B,33,7976,5,990.0,0,11,B
1095,27,2.0,57.60356358302562,58.67384886246442,1.0,7,12.0,2017,0.011654127,B,B,4,915,0,990.0,0,0,B
2872,10,1.0,41.242613584250414,23.845088851381277,8.0,6,17.0,1988,0.089039719,B,B,33,7976,5,990.0,0,11,B
9416,46,2.0,39.82239250941871,24.76019042637932,7.0,7,9.0,1966,0.188783766,B,B,31,6137,4,990.0,0,1,B
1758,6,1.0,42.09261628329656,32.897128143083506,1.0,19,17.0,1977,0.243204519,B,B,5,1564,0,540.0,0,0,B
13456,6,1.0,38.90624910827649,22.77818604424768,6.0,9,17.0,2015,0.243204519,B,B,5,1564,0,540.0,0,0,B
13791,9,2.0,58.2142879088597,32.62616318965069,12.0,15,14.0,1999,0.31019913,B,B,11,2748,1,990.0,0,0,B
4215,67,2.0,45.28358916239571,29.573402997902537,5.0,4,9.0,1976,0.0077202819999999,B,B,38,4788,2,990.0,0,4,B
5409,19,1.0,45.78757940178234,21.411374160830555,9.0,6,25.0,2014,0.309479124,B,B,35,7715,4,990.0,0,6,B
15858,9,5.0,97.53781458586472,63.57199680170848,8.0,5,14.0,1995,0.136244425,B,B,11,2370,0,990.0,0,1,B
13473,96,3.0,79.58149352717886,47.4555801099418,10.0,11,22.0,1997,0.041116354,B,B,53,14892,4,990.0,1,4,B
1741,27,1.0,38.56053711490645,18.79017342154096,9.0,3,12.0,2006,0.041116354,B,B,53,14892,4,990.0,1,4,B
16271,23,2.0,64.5918253299254,32.897128143083506,1.0,5,17.0,1977,0.005767451,B,B,1,388,0,990.0,0,0,B
15150,27,2.0,61.81463314864892,58.88343993254789,10.0,4,15.0,2016,0.017647053,B,B,2,469,0,990.0,0,0,B
371,27,3.0,77.80249889983737,48.38158984337357,9.0,4,17.0,2011,0.07542368,B,B,11,3097,0,990.0,0,0,B
10486,6,1.0,42.5163353717777,32.897128143083506,7.0,13,17.0,1977,0.243204519,B,B,5,1564,0,540.0,0,0,B
16350,22,1.0,39.788944251902215,23.106439319360167,7.0,13,14.0,1978,0.118537385,B,B,30,6207,1,1183.0,1,0,B
2428,27,1.0,31.472669536272694,18.18801523365757,7.0,3,4.0,1969,0.01405792,B,B,1,290,0,990.0,0,0,B
16750,74,2.0,51.15740339100298,48.62978589972374,0.0,5,3.0,2017,0.075778755,B,B,6,1437,3,990.0,0,2,B
11903,80,1.0,34.9197230700468,20.70327758695679,6.0,5,9.0,1976,0.0,B,B,39,8647,0,810.0,0,5,B
16744,61,2.0,58.82480403733484,29.81780640169757,9.0,6,22.0,2012,0.300322518,B,B,52,10311,6,990.0,1,9,B
14252,142,3.0,60.73491220876869,47.14989471541135,5.0,9,9.0,1968,0.051942062,B,B,17,4017,7,800.0,2,0,B
3586,96,1.0,36.397855790376646,15.688535604693543,9.0,5,17.0,2003,0.041116354,B,B,53,14892,4,990.0,1,4,B
6828,27,1.0,56.5897592860322,32.897128143083506,0.0,7,0.0,1977,0.07542368,B,B,11,3097,0,990.0,0,0,B
4334,23,1.0,31.27948592983815,32.897128143083506,1.0,12,1.0,1977,0.034656082,B,B,0,168,0,990.0,0,0,B
13101,23,1.0,47.27296844237241,32.897128143083506,1.0,3,17.0,1977,0.014072961,B,B,2,475,0,990.0,0,0,B
1457,94,2.0,57.97217487994431,33.424595067232595,9.0,9,17.0,1983,0.282797669,B,B,33,8667,2,990.0,0,6,B
11188,1,2.0,85.00056774819689,32.897128143083506,1.0,4,17.0,1977,0.007122317,B,B,1,264,0,990.0,0,1,B
923,28,2.0,52.996130316337215,31.356390225503542,8.0,13,12.0,1970,0.118537385,B,B,30,6207,1,1183.0,1,0,B
8696,62,2.0,103.86554188361816,32.897128143083506,1.0,10,1.0,2014,0.072157581,B,B,2,629,1,990.0,0,0,A
831,28,1.0,39.3870435301609,20.989227145175285,8.0,3,17.0,1998,0.000995363,B,B,42,7651,1,990.0,1,5,B
13945,1,3.0,74.9742546317069,32.897128143083506,1.0,9,17.0,1977,0.007122317,B,B,1,264,0,990.0,0,1,B
14789,29,1.0,33.24379854878667,21.541543297186188,5.0,3,9.0,1965,0.069660344,B,B,31,6119,4,990.0,1,2,B
1276,23,2.0,54.49141735103138,51.64096815339104,1.0,5,3.0,2020,0.005767451,B,B,1,388,0,990.0,0,0,B
7302,62,3.0,62.36385024517085,38.467325257358006,8.0,10,9.0,1975,0.002211665,B,B,39,7614,3,990.0,1,5,A
6113,17,1.0,37.91469999836486,20.534669989357653,8.0,17,24.0,1988,0.0,B,B,18,3374,5,620.0,1,2,B
10890,11,2.0,57.16785372355168,34.85828654030224,8.0,8,14.0,2006,0.0001696759999999,B,B,36,5992,0,990.0,1,1,B
3211,61,1.0,41.29781347594799,22.985637010686503,7.0,15,17.0,2011,0.300322518,B,B,52,10311,6,990.0,1,9,B
7261,52,3.0,77.70068972803716,32.897128143083506,1.0,13,17.0,1977,0.371148999,B,B,34,7065,1,750.0,2,5,B
8275,1,1.0,44.80608996300601,32.897128143083506,1.0,8,17.0,1977,0.007122317,B,B,1,264,0,990.0,0,1,B
10691,23,3.0,104.15151303459466,32.897128143083506,1.0,19,25.0,1977,0.075778755,B,B,6,1437,3,990.0,0,2,B
13852,62,1.0,48.16982935700519,25.32539908060597,14.0,7,12.0,2014,0.072157581,B,B,2,629,1,990.0,0,0,A
2077,27,1.0,54.4737523885719,21.133650179679226,13.0,13,18.0,2015,0.072157581,B,B,2,629,1,990.0,0,0,A
8069,23,1.0,44.904578645553904,32.897128143083506,1.0,20,25.0,1977,0.075778755,B,B,6,1437,3,990.0,0,2,B
14157,1,2.0,65.22599906915603,32.897128143083506,0.0,15,17.0,1977,0.007122317,B,B,1,264,0,990.0,0,1,B
2860,58,2.0,62.76499291354574,33.6541330807924,11.0,7,10.0,2003,0.31019913,B,B,11,2748,1,990.0,0,0,B
7428,1,2.0,65.10301619339259,32.897128143083506,1.0,11,24.0,1977,0.007122317,B,B,1,264,0,990.0,0,1,B
9977,27,3.0,81.62027632808538,1.4018287229981836,0.0,16,22.0,1977,0.211401214,B,B,9,1892,0,990.0,0,1,B
13691,27,1.0,38.990808662488135,36.85458567665953,1.0,4,15.0,2014,0.011654127,B,B,4,915,0,990.0,0,0,B
3894,27,1.0,43.77329515137608,21.482297879806424,9.0,8,17.0,2012,0.072157581,B,B,2,629,1,990.0,0,0,A
14853,1,2.0,64.28005771551999,32.897128143083506,1.0,18,20.0,1977,0.007122317,B,B,1,264,0,990.0,0,1,B
1137,59,1.0,40.44674275711029,18.90466077231221,7.0,13,14.0,2012,0.309479124,B,B,35,7715,4,990.0,0,6,B
4030,23,4.0,103.52265330048937,32.897128143083506,1.0,9,25.0,1977,0.075778755,B,B,6,1437,3,990.0,0,2,B
8260,67,4.0,63.40925306210194,48.612351485769366,5.0,7,9.0,1974,0.0077202819999999,B,B,38,4788,2,990.0,0,4,B
304,96,2.0,61.94830652716743,35.60400158485598,10.0,14,17.0,1995,0.041116354,B,B,53,14892,4,990.0,1,4,B
217,80,2.0,59.439562966402455,33.991547282041424,10.0,11,17.0,1989,0.0,B,B,39,8647,0,810.0,0,5,B
8249,58,1.0,39.7683400120084,22.41394259970384,8.0,10,10.0,2005,0.31019913,B,B,11,2748,1,990.0,0,0,B
12055,74,2.0,61.44071615862152,62.13607787416767,1.0,10,12.0,2017,0.309479124,B,B,35,7715,4,990.0,0,6,B
9693,23,1.0,41.639364640789545,32.897128143083506,1.0,6,17.0,1977,0.075778755,B,B,6,1437,3,990.0,0,2,B
6384,39,2.0,46.241789158604966,29.22425497429645,6.0,11,9.0,1969,0.428825818,B,B,25,5011,8,730.0,0,2,B
6719,2,2.0,41.30775393639727,24.8315192140556,6.0,6,9.0,1973,0.130617806,B,B,39,10418,9,900.0,1,9,B
3242,6,1.0,40.28678712067378,32.897128143083506,1.0,18,1.0,2015,0.243204519,B,B,5,1564,0,540.0,0,0,B
2260,105,1.0,37.91085152474015,22.81594345129993,6.0,9,9.0,1974,0.069660344,B,B,31,6119,4,990.0,1,2,B
14462,6,2.0,61.61064227259608,32.897128143083506,1.0,11,17.0,1977,0.243204519,B,B,5,1564,0,540.0,0,0,B
4510,1,1.0,43.15376113882693,21.017595539577567,9.0,10,17.0,2014,0.007122317,B,B,1,264,0,990.0,0,1,B
16198,41,2.0,45.618615869648856,33.12720980052853,8.0,10,12.0,1968,0.175054867,B,B,36,10055,3,990.0,1,0,B
9869,25,3.0,76.65524327999681,42.94073122236497,10.0,13,11.0,1998,0.069753361,B,B,53,13670,4,990.0,1,11,B
3331,9,3.0,75.47051211870514,45.019039566790966,10.0,10,17.0,1995,0.069753361,B,B,53,13670,4,990.0,1,11,B
8884,47,2.0,44.82819747726303,31.974486374710864,5.0,4,5.0,1968,0.298204575,B,B,16,4048,3,990.0,1,3,B
7852,21,2.0,39.77284511460617,24.88553056812051,7.0,6,9.0,1962,0.034331497,B,B,25,5487,3,990.0,0,4,B
15775,42,1.0,49.28672213987258,19.2429699524877,10.0,13,24.0,2013,0.158249043,B,B,21,5731,0,990.0,1,0,B
14296,27,2.0,62.1420496427643,32.897128143083506,1.0,8,17.0,1977,0.072157581,B,B,2,629,1,990.0,0,0,A
16427,83,2.0,45.515496284427925,29.351647023550072,5.0,3,9.0,1976,0.0077202819999999,B,B,38,4788,2,990.0,0,4,B
5006,61,1.0,40.17545016768281,20.86738041539608,9.0,14,16.0,1980,0.300322518,B,B,52,10311,6,990.0,1,9,B
15079,23,2.0,62.523478355446,32.897128143083506,1.0,15,17.0,1977,0.075778755,B,B,6,1437,3,990.0,0,2,B
11366,6,2.0,62.63302347184765,43.15112225927083,10.0,17,17.0,2017,0.243204519,B,B,5,1564,0,540.0,0,0,B
14551,52,1.0,45.067034207357786,23.26893055584684,8.0,15,14.0,1990,0.371148999,B,B,34,7065,1,750.0,2,5,B
9089,80,2.0,48.666952841498926,30.99585260676777,6.0,10,9.0,1976,0.0077202819999999,B,B,38,4788,2,990.0,0,4,B
16784,34,2.0,53.34322005442467,33.39697850473532,8.0,1,14.0,1993,0.069753361,B,B,53,13670,4,990.0,1,11,B
8207,23,2.0,51.832272528569206,32.897128143083506,1.0,3,6.0,1977,0.005767451,B,B,1,388,0,990.0,0,0,B
15599,6,2.0,61.443165244106034,64.4780442374249,1.0,5,17.0,2016,0.243204519,B,B,5,1564,0,540.0,0,0,B
11088,62,2.0,77.85024726892874,32.897128143083506,0.0,12,0.0,1977,0.072157581,B,B,2,629,1,990.0,0,0,A
11089,6,1.0,40.9997034984312,32.897128143083506,0.0,18,17.0,1977,0.243204519,B,B,5,1564,0,540.0,0,0,B
9178,8,1.0,43.83424787328347,20.470115793808343,8.0,8,12.0,1981,0.219006007,B,B,28,6746,3,990.0,1,4,B
3258,1,2.0,61.36273478271861,32.897128143083506,1.0,4,22.0,1977,0.007122317,B,B,1,264,0,990.0,0,1,B
16545,25,2.0,62.331385264356506,32.897128143083506,0.0,14,25.0,1977,0.069753361,B,B,53,13670,4,990.0,1,11,B
5042,58,1.0,47.7695512582566,32.897128143083506,12.0,11,0.0,1977,0.43788524,B,B,23,5735,3,1084.0,0,5,B
7953,58,3.0,73.25233253107835,49.06864166151242,9.0,5,9.0,2010,0.31019913,B,B,11,2748,1,990.0,0,0,B
5671,55,2.0,51.383348408088,33.30948686588327,8.0,6,10.0,1999,0.041365446,B,B,31,5569,0,990.0,1,4,B
12103,27,2.0,63.95362289550447,67.9635899486133,0.0,17,15.0,1977,0.072157581,B,B,2,629,1,990.0,0,0,A
14915,10,2.0,38.26940528309434,25.64675516398682,6.0,5,14.0,1971,0.089039719,B,B,33,7976,5,990.0,0,11,B
10028,69,3.0,75.9558882819494,48.91518203180487,10.0,8,16.0,1984,0.000991363,B,B,33,6783,3,990.0,1,9,B
6491,6,3.0,80.52416501091461,40.70104008260464,1.0,6,1.0,2016,0.243204519,B,B,5,1564,0,540.0,0,0,B
786,2,3.0,77.07459905232528,42.920592368173295,8.0,14,14.0,1997,0.309479124,B,B,35,7715,4,990.0,0,6,B
12800,27,2.0,54.80488330709369,32.30647626697637,9.0,8,17.0,2003,0.041116354,B,B,53,14892,4,990.0,1,4,B
2590,18,2.0,54.23995778498378,31.648150098788754,8.0,4,14.0,1988,0.0,B,B,30,5562,0,990.0,0,5,A
15581,23,2.0,63.52707505153513,32.897128143083506,1.0,3,25.0,1977,0.075778755,B,B,6,1437,3,990.0,0,2,B
8070,38,2.0,40.2169312091974,26.782434878219465,7.0,8,9.0,1964,0.060753049,B,B,15,2787,2,520.0,0,7,B
13224,23,3.0,78.02913064985455,32.897128143083506,1.0,8,25.0,1977,0.075778755,B,B,6,1437,3,990.0,0,2,B
14968,62,3.0,93.21625454264208,32.897128143083506,1.0,5,3.0,2014,0.072157581,B,B,2,629,1,990.0,0,0,A
4149,91,2.0,47.43125670168568,31.96556364234341,5.0,5,5.0,1980,0.000995363,B,B,42,7651,1,990.0,1,5,B
3325,27,2.0,63.30607472090525,32.897128143083506,1.0,14,1.0,1977,0.011654127,B,B,4,915,0,990.0,0,0,B
10847,23,2.0,54.99739958010335,32.897128143083506,1.0,7,17.0,1977,0.075778755,B,B,6,1437,3,990.0,0,2,B
6836,39,2.0,45.131281528169744,30.780550607450408,6.0,2,5.0,1965,0.428825818,B,B,25,5011,8,730.0,0,2,B
7221,23,3.0,77.14029916443603,32.897128143083506,1.0,21,25.0,1977,0.075778755,B,B,6,1437,3,990.0,0,2,B
310,27,3.0,45.41135800046039,49.88336797864756,0.0,18,25.0,1977,0.072157581,B,B,2,629,1,990.0,0,0,A
4198,23,2.0,53.09235955387693,32.897128143083506,10.0,5,3.0,2016,0.005767451,B,B,1,388,0,990.0,0,0,B
1957,6,2.0,66.92272143287646,5.230383072597477,1.0,4,17.0,2019,0.243204519,B,B,5,1564,0,540.0,0,0,B
15095,6,3.0,83.79342035694563,32.897128143083506,1.0,3,17.0,1977,0.243204519,B,B,5,1564,0,540.0,0,0,B
15483,74,1.0,52.34891900290146,16.146111258237852,13.0,4,17.0,2016,0.075778755,B,B,6,1437,3,990.0,0,2,B
4803,23,3.0,102.14927113721764,32.897128143083506,1.0,6,25.0,1977,0.075778755,B,B,6,1437,3,990.0,0,2,B
9025,74,2.0,79.95089442890368,41.37454579779746,16.0,15,17.0,2015,0.309479124,B,B,35,7715,4,990.0,0,6,B
7091,61,3.0,65.45248735802646,41.842307564680645,8.0,11,12.0,1987,0.300322518,B,B,52,10311,6,990.0,1,9,B
3113,80,1.0,36.452012579147,20.662026559113084,6.0,8,12.0,1975,0.0077202819999999,B,B,38,4788,2,990.0,0,4,B
13386,21,2.0,40.16868497198816,25.214586816843905,7.0,7,9.0,1966,0.034331497,B,B,25,5487,3,990.0,0,4,B
7899,1,1.0,42.25931136958715,41.73178329630926,10.0,19,17.0,2019,0.007122317,B,B,1,264,0,990.0,0,1,B
10435,67,2.0,52.1193655125217,33.24378032009347,6.0,8,12.0,1979,0.100455735,B,B,43,7227,0,990.0,1,6,A
12267,101,2.0,60.11907253509817,33.29233519634215,11.0,10,12.0,2004,0.038692987,B,B,28,6533,1,1015.0,2,5,B
9115,27,1.0,31.416478657308826,28.46446705817943,7.0,6,19.0,2014,0.211401214,B,B,9,1892,0,990.0,0,1,B
10012,83,2.0,48.83062368522637,28.24201936961241,5.0,9,9.0,1974,0.0077202819999999,B,B,38,4788,2,990.0,0,4,B
2558,1,1.0,37.44635965807901,32.897128143083506,1.0,9,17.0,1977,0.007122317,B,B,1,264,0,990.0,0,1,B
3344,23,2.0,64.14247882964945,32.897128143083506,1.0,14,17.0,1977,0.075778755,B,B,6,1437,3,990.0,0,2,B
4046,21,2.0,45.40632914970554,26.157528158951568,5.0,4,5.0,1965,0.034331497,B,B,25,5487,3,990.0,0,4,B
11955,126,2.0,46.70703392791398,30.90532537168817,5.0,4,5.0,1967,0.333891544,B,B,30,6564,1,990.0,0,0,B
4109,52,2.0,66.86134297046617,65.8346422822604,0.0,4,17.0,1977,0.371148999,B,B,34,7065,1,750.0,2,5,B
6973,29,1.0,38.203350949698745,21.558270894980048,7.0,5,5.0,1964,0.069660344,B,B,31,6119,4,990.0,1,2,B
3528,9,2.0,60.72022967076947,36.68971084897032,10.0,16,17.0,1992,0.13012277,B,B,8,1986,0,990.0,0,0,B
6924,27,2.0,67.3047933486833,32.897128143083506,1.0,8,1.0,1977,0.072157581,B,B,2,629,1,990.0,0,0,A
3725,27,1.0,41.68832813488761,40.55421074722895,1.0,15,17.0,2018,0.011654127,B,B,4,915,0,990.0,0,0,B
12766,74,1.0,46.238972132148206,32.897128143083506,10.0,8,20.0,1977,0.075778755,B,B,6,1437,3,990.0,0,2,B
11228,6,1.0,79.09204793622216,5.7986639628099725,1.0,3,1.0,1977,0.243204519,B,B,5,1564,0,540.0,0,0,B
2440,61,2.0,39.660695434791954,26.69614459103268,6.0,5,12.0,1968,0.298204575,B,B,16,4048,3,990.0,1,3,B
4181,27,2.0,53.96810277468793,32.897128143083506,0.0,13,0.0,1977,0.011654127,B,B,4,915,0,990.0,0,0,B
1788,35,2.0,46.576816537821614,33.85211360381735,6.0,5,12.0,1972,0.089039719,B,B,33,7976,5,990.0,0,11,B
1551,1,2.0,62.54237329334708,32.897128143083506,1.0,15,17.0,1977,0.007122317,B,B,1,264,0,990.0,0,1,B
4276,83,2.0,52.12541346590567,33.65406132469541,8.0,5,12.0,1980,0.0077202819999999,B,B,38,4788,2,990.0,0,4,B
12134,52,2.0,66.46342969601757,32.897128143083506,1.0,12,16.0,2015,0.371148999,B,B,34,7065,1,750.0,2,5,B
8808,119,2.0,46.198854171111,32.8420639512144,5.0,2,5.0,1963,0.000995363,B,B,42,7651,1,990.0,1,5,B
54,34,2.0,59.94254484524704,32.897128143083506,1.0,5,1.0,1977,0.069753361,B,B,53,13670,4,990.0,1,11,B
15856,74,2.0,69.26318347353308,32.897128143083506,1.0,6,1.0,1977,0.075778755,B,B,6,1437,3,990.0,0,2,B
9546,23,2.0,55.74682233751493,32.897128143083506,1.0,5,1.0,1977,0.034656082,B,B,0,168,0,990.0,0,0,B
4754,91,1.0,36.98344368452791,18.74100808238918,7.0,7,9.0,1969,0.333891544,B,B,30,6564,1,990.0,0,0,B
9391,6,3.0,74.13712826120147,32.897128143083506,12.0,4,17.0,2016,0.243204519,B,B,5,1564,0,540.0,0,0,B
7343,27,2.0,68.17862676284905,32.897128143083506,10.0,19,22.0,1977,0.211401214,B,B,9,1892,0,990.0,0,1,B
10752,33,3.0,87.88829278477048,53.79977893629557,8.0,5,5.0,1958,0.051942062,B,B,17,4017,7,800.0,2,0,B
5648,61,2.0,47.563848008878814,34.15159171310503,6.0,8,12.0,1980,0.300322518,B,B,52,10311,6,990.0,1,9,B
2789,8,2.0,63.841005876788,35.88681289407789,10.0,7,17.0,1995,0.219006007,B,B,28,6746,3,990.0,1,4,B
11005,23,3.0,84.44533637955705,32.897128143083506,1.0,16,1.0,2016,0.034656082,B,B,0,168,0,990.0,0,0,B
16355,67,2.0,51.355861751943856,34.69136406429118,6.0,10,12.0,1981,0.0077202819999999,B,B,38,4788,2,990.0,0,4,B
1529,52,1.0,40.35607174342222,32.897128143083506,1.0,14,17.0,1977,0.371148999,B,B,34,7065,1,750.0,2,5,B
68,42,2.0,67.07601253142803,32.00953479501489,11.0,16,24.0,2007,0.158249043,B,B,21,5731,0,990.0,1,0,B
10877,9,3.0,87.32609655242695,48.701134930089786,10.0,20,22.0,1988,0.136244425,B,B,11,2370,0,990.0,0,1,B
7425,27,1.0,41.43988853509735,39.2670509603737,10.0,8,22.0,2017,0.211401214,B,B,9,1892,0,990.0,0,1,B
5358,62,2.0,60.970763187419976,32.897128143083506,1.0,5,1.0,1977,0.072157581,B,B,2,629,1,990.0,0,0,A
4391,27,2.0,40.0254905290089,43.603072484157465,10.0,8,12.0,2016,0.072157581,B,B,2,629,1,990.0,0,0,A
15970,23,2.0,61.06267689044472,32.897128143083506,1.0,4,25.0,1977,0.075778755,B,B,6,1437,3,990.0,0,2,B
5948,6,1.0,40.11398408545357,4.612265128629062,1.0,17,17.0,1977,0.243204519,B,B,5,1564,0,540.0,0,0,B
16637,27,2.0,64.16805290294141,32.897128143083506,1.0,3,1.0,2014,0.017647053,B,B,2,469,0,990.0,0,0,B
355,61,2.0,47.55062280411278,34.447034686760446,6.0,4,12.0,1976,0.300322518,B,B,52,10311,6,990.0,1,9,B
12725,61,1.0,35.86816577872149,24.79734269622739,6.0,7,9.0,1977,0.300322518,B,B,52,10311,6,990.0,1,9,B
1359,6,2.0,60.072328057408654,32.897128143083506,15.0,20,25.0,1977,0.243204519,B,B,5,1564,0,540.0,0,0,B
6771,23,2.0,61.49792485804694,32.897128143083506,1.0,13,17.0,1977,0.075778755,B,B,6,1437,3,990.0,0,2,B
9897,41,2.0,54.13232486276449,33.01516142531034,10.0,5,16.0,1985,0.175054867,B,B,36,10055,3,990.0,1,0,B
10637,128,3.0,76.77866752222555,43.85839860387756,8.0,15,14.0,1998,0.041116354,B,B,53,14892,4,990.0,1,4,B
10397,27,3.0,65.36041675560371,65.62741601653288,1.0,6,1.0,1977,0.072157581,B,B,2,629,1,990.0,0,0,A
979,48,3.0,67.44586674103557,48.074436521782864,6.0,11,12.0,1983,0.041124634,B,B,46,9515,5,990.0,1,10,B
12007,29,1.0,38.2003208965624,27.06610638653759,5.0,5,5.0,1967,0.069660344,B,B,31,6119,4,990.0,1,2,B
14794,9,2.0,48.23573085439865,30.228384997745856,5.0,3,12.0,1970,0.31019913,B,B,11,2748,1,990.0,0,0,B
5806,8,1.0,36.56453984475184,21.16888468040269,9.0,16,16.0,1983,0.219006007,B,B,28,6746,3,990.0,1,4,B
5132,6,1.0,39.35238606819616,32.897128143083506,1.0,12,1.0,1977,0.243204519,B,B,5,1564,0,540.0,0,0,B
1274,23,2.0,53.43766474278686,32.897128143083506,1.0,2,2.0,1977,0.005767451,B,B,1,388,0,990.0,0,0,B
4010,2,3.0,66.38634457681522,38.75961169565053,8.0,7,12.0,1985,0.0,B,B,33,7425,1,990.0,2,5,B
16727,6,3.0,76.82031094337486,43.19516397854557,12.0,15,17.0,2008,0.243204519,B,B,5,1564,0,540.0,0,0,B
12969,27,1.0,45.42293117687234,20.360873410249077,1.0,3,4.0,1977,0.01405792,B,B,1,290,0,990.0,0,0,B
272,41,3.0,50.55302531149618,35.496396539080266,6.0,3,9.0,1975,0.036122292,B,B,24,4378,0,1036.0,1,1,B
3146,1,3.0,83.0531208131697,32.897128143083506,10.0,7,17.0,2017,0.007122317,B,B,1,264,0,990.0,0,1,B
13576,40,2.0,56.28031161619775,35.36073381290812,7.0,3,9.0,1971,0.200146802,B,B,23,3975,8,770.0,2,0,B
316,23,1.0,53.706092584251145,49.49378812051457,1.0,7,9.0,1977,0.014072961,B,B,2,475,0,990.0,0,0,B
6273,61,2.0,47.48969088138692,28.189122288726026,6.0,1,12.0,1981,0.300322518,B,B,52,10311,6,990.0,1,9,B
18,15,3.0,64.2386714673314,39.263152217715714,8.0,12,12.0,1983,0.158249043,B,B,21,5731,0,990.0,1,0,B
4820,22,1.0,42.35996399073461,32.897128143083506,1.0,7,17.0,1977,0.118537385,B,B,30,6207,1,1183.0,1,0,B
12512,27,1.0,40.95067261511347,32.897128143083506,0.0,2,0.0,1977,0.017647053,B,B,2,469,0,990.0,0,0,B
12644,1,2.0,62.13862235787858,51.31374571980454,10.0,17,17.0,2018,0.007122317,B,B,1,264,0,990.0,0,1,B
13913,74,1.0,41.95676772753267,21.421641472101847,8.0,2,17.0,1991,0.371148999,B,B,34,7065,1,750.0,2,5,B
5881,1,2.0,55.82642843404962,32.897128143083506,1.0,6,17.0,1977,0.007122317,B,B,1,264,0,990.0,0,1,B
11856,25,2.0,74.3768153068767,44.4882555301778,5.0,4,25.0,2006,0.069753361,B,B,53,13670,4,990.0,1,11,B
14313,8,1.0,35.95865414882536,22.73512181831648,7.0,7,9.0,1977,0.43788524,B,B,23,5735,3,1084.0,0,5,B
7602,1,2.0,65.7304188727696,32.897128143083506,1.0,12,17.0,1977,0.007122317,B,B,1,264,0,990.0,0,1,B
4357,41,1.0,36.85487814181491,24.769205034410103,6.0,8,9.0,1974,0.175054867,B,B,36,10055,3,990.0,1,0,B
7565,74,1.0,55.80268452937536,32.897128143083506,1.0,1,22.0,1977,0.075778755,B,B,6,1437,3,990.0,0,2,B
15490,62,2.0,76.70183447580983,32.897128143083506,1.0,9,16.0,1977,0.072157581,B,B,2,629,1,990.0,0,0,A
10978,1,2.0,64.35944435742464,32.897128143083506,1.0,8,17.0,1977,0.007122317,B,B,1,264,0,990.0,0,1,B
10379,29,2.0,43.17752128150369,30.339944875301565,5.0,6,5.0,1962,0.069660344,B,B,31,6119,4,990.0,1,2,B
450,27,2.0,66.23566238810594,32.897128143083506,0.0,2,0.0,1977,0.072157581,B,B,2,629,1,990.0,0,0,A
442,19,1.0,39.1893150012535,15.541983770093893,9.0,3,17.0,1993,0.000991363,B,B,33,6783,3,990.0,1,9,B
10150,15,3.0,98.92165680399197,56.69156006031857,11.0,13,17.0,2008,0.158249043,B,B,21,5731,0,990.0,1,0,B
3303,74,2.0,80.52475085302316,32.897128143083506,0.0,5,0.0,1977,0.309479124,B,B,35,7715,4,990.0,0,6,B
7717,23,1.0,42.71823505296052,40.62501600322764,1.0,3,4.0,2016,0.034656082,B,B,0,168,0,990.0,0,0,B
9428,80,1.0,36.54107365097619,22.335605087445146,6.0,1,9.0,1979,0.0,B,B,39,8647,0,810.0,0,5,B
6402,74,2.0,77.54897193086906,50.69925739008649,10.0,7,17.0,2018,0.075778755,B,B,6,1437,3,990.0,0,2,B
10415,34,3.0,79.63878195153258,47.43378078671229,10.0,16,17.0,1999,0.069753361,B,B,53,13670,4,990.0,1,11,B
4862,96,1.0,44.82443599799236,21.89138246780808,9.0,10,8.0,2011,0.041116354,B,B,53,14892,4,990.0,1,4,B
15505,96,1.0,39.455484865289066,16.169367476787365,9.0,5,9.0,2004,0.041116354,B,B,53,14892,4,990.0,1,4,B
8462,10,2.0,44.498801405388136,31.44981586334553,5.0,4,9.0,1972,0.282797669,B,B,33,8667,2,990.0,0,6,B
11386,23,2.0,67.83081662344456,36.945321318152814,12.0,14,17.0,2013,0.075778755,B,B,6,1437,3,990.0,0,2,B
1859,6,2.0,64.35032819675892,61.03381767971413,10.0,8,17.0,2016,0.243204519,B,B,5,1564,0,540.0,0,0,B
3423,52,2.0,54.80905803869349,32.897128143083506,10.0,11,17.0,2015,0.371148999,B,B,34,7065,1,750.0,2,5,B
6257,62,1.0,43.83591910863056,32.897128143083506,0.0,9,0.0,1977,0.072157581,B,B,2,629,1,990.0,0,0,A
940,27,1.0,48.67477878990234,2.9129915504326207,1.0,7,17.0,2016,0.072157581,B,B,2,629,1,990.0,0,0,A
4023,35,3.0,65.52593609057224,44.37310620565854,6.0,9,12.0,1972,0.089039719,B,B,33,7976,5,990.0,0,11,B
12452,138,2.0,48.16233731929282,31.256560943114994,5.0,3,5.0,1962,0.014423114,B,B,19,3806,4,990.0,0,3,B
16786,23,1.0,44.66916066224369,32.897128143083506,1.0,7,25.0,1977,0.075778755,B,B,6,1437,3,990.0,0,2,B
753,39,1.0,36.84836331125939,23.560192007306465,9.0,5,12.0,1970,0.428825818,B,B,25,5011,8,730.0,0,2,B
210,27,3.0,79.20384046248057,47.839564669739325,10.0,6,18.0,2015,0.072157581,B,B,2,629,1,990.0,0,0,A
14976,27,1.0,37.54815550728642,32.897128143083506,1.0,20,19.0,1977,0.211401214,B,B,9,1892,0,990.0,0,1,B
9710,27,2.0,58.8862923858058,60.727617034969775,0.0,13,0.0,1977,0.211401214,B,B,9,1892,0,990.0,0,1,B
7671,7,3.0,78.69352057693797,47.47112491154103,10.0,9,17.0,2004,0.130617806,B,B,39,10418,9,900.0,1,9,B
5875,29,1.0,37.61627212718341,17.43221701777812,8.0,2,9.0,1968,0.069660344,B,B,31,6119,4,990.0,1,2,B
9976,1,2.0,70.83097247207438,31.13499870969849,19.0,7,16.0,2009,0.014580716,B,B,3,760,1,990.0,0,0,B
6427,35,1.0,34.78264511693794,18.128566770165705,7.0,9,9.0,1971,0.089039719,B,B,33,7976,5,990.0,0,11,B
11877,1,2.0,65.5039899716635,32.897128143083506,1.0,5,17.0,1977,0.007122317,B,B,1,264,0,990.0,0,1,B
16080,48,2.0,48.07502713980104,33.95137720284376,6.0,11,12.0,1980,0.041124634,B,B,46,9515,5,990.0,1,10,B
1324,27,3.0,79.74509231883306,32.897128143083506,1.0,4,17.0,1977,0.011654127,B,B,4,915,0,990.0,0,0,B
16434,96,2.0,55.851580982106114,33.61002871054829,9.0,11,14.0,2005,0.041116354,B,B,53,14892,4,990.0,1,4,B
4259,58,2.0,61.41106823159557,34.50331099199222,10.0,1,16.0,1984,0.43788524,B,B,23,5735,3,1084.0,0,5,B
5160,58,3.0,93.75628511517036,32.897128143083506,1.0,2,3.0,1977,0.43788524,B,B,23,5735,3,1084.0,0,5,B
3770,1,1.0,42.196031318958006,32.897128143083506,1.0,15,17.0,1977,0.007122317,B,B,1,264,0,990.0,0,1,B
7959,23,1.0,51.75432639162232,45.34475116479536,1.0,9,9.0,2015,0.014072961,B,B,2,475,0,990.0,0,0,B
8759,1,2.0,65.12149140755125,32.897128143083506,1.0,2,17.0,1977,0.007122317,B,B,1,264,0,990.0,0,1,B
190,2,2.0,45.41074257047544,31.76422015015807,6.0,4,5.0,1970,0.309479124,B,B,35,7715,4,990.0,0,6,B
11857,11,2.0,46.5892195156833,31.05090245938393,5.0,5,5.0,1968,0.0001696759999999,B,B,36,5992,0,990.0,1,1,B
291,28,3.0,57.81973649752261,42.15438148196627,5.0,5,5.0,1963,0.118537385,B,B,30,6207,1,1183.0,1,0,B
3249,70,1.0,36.04589052068201,21.59877795600963,7.0,8,9.0,1974,0.002211665,B,B,39,7614,3,990.0,1,5,A
11844,38,1.0,47.00201199705968,47.93881657835622,1.0,11,22.0,2017,0.060753049,B,B,15,2787,2,520.0,0,7,B
4258,27,2.0,68.32156346070416,32.897128143083506,10.0,11,1.0,1977,0.211401214,B,B,9,1892,0,990.0,0,1,B
14150,2,2.0,48.10615813281211,31.709410875628773,5.0,6,12.0,1971,0.130617806,B,B,39,10418,9,900.0,1,9,B
2373,18,2.0,64.30447271246891,35.55090165639562,10.0,4,17.0,1991,0.0,B,B,30,5562,0,990.0,0,5,A
2122,6,1.0,40.88120881819028,32.897128143083506,1.0,15,1.0,1977,0.243204519,B,B,5,1564,0,540.0,0,0,B
7307,27,2.0,51.430826984858,32.897128143083506,1.0,9,17.0,1977,0.011654127,B,B,4,915,0,990.0,0,0,B
13442,45,3.0,59.689000268939886,45.98021913585598,5.0,7,9.0,1968,0.014423114,B,B,19,3806,4,990.0,0,3,B
4392,1,1.0,50.12441454430577,32.897128143083506,1.0,18,24.0,1977,0.007122317,B,B,1,264,0,990.0,0,1,B
6580,1,1.0,66.07746612396379,66.43523136993767,1.0,15,17.0,1977,0.007122317,B,B,1,264,0,990.0,0,1,B
11913,94,1.0,32.78569809935505,18.10442911434985,6.0,9,9.0,1975,0.282797669,B,B,33,8667,2,990.0,0,6,B
2138,27,1.0,5.647458432920238,1.5015819273540272,1.0,1,1.0,1977,0.017647053,B,B,2,469,0,990.0,0,0,B
12694,27,3.0,83.67003174601149,46.35835603454894,0.0,8,0.0,2015,0.072157581,B,B,2,629,1,990.0,0,0,A
5679,80,2.0,55.60530398195714,31.445239357852333,9.0,7,12.0,1976,0.0,B,B,39,8647,0,810.0,0,5,B
902,27,3.0,99.29319132374468,32.897128143083506,0.0,2,0.0,1977,0.07542368,B,B,11,3097,0,990.0,0,0,B
563,1,2.0,66.92279301582506,64.3955932610271,1.0,4,17.0,1977,0.007122317,B,B,1,264,0,990.0,0,1,B
3786,23,1.0,41.95728802110396,41.598685828279976,1.0,4,9.0,2017,0.034656082,B,B,0,168,0,990.0,0,0,B
13420,27,2.0,66.2686434987951,39.26450110491086,8.0,5,3.0,2017,0.01405792,B,B,1,290,0,990.0,0,0,B
976,25,1.0,33.86332584745452,32.41952725897953,10.0,3,22.0,2016,0.069753361,B,B,53,13670,4,990.0,1,11,B
4709,52,2.0,51.57555517622665,32.897128143083506,1.0,10,17.0,1977,0.371148999,B,B,34,7065,1,750.0,2,5,B
14982,8,2.0,53.048600204941216,33.17063266452645,8.0,14,12.0,1977,0.219006007,B,B,28,6746,3,990.0,1,4,B
15073,52,1.0,32.30233684837218,19.513467764919504,6.0,3,4.0,1964,0.371148999,B,B,34,7065,1,750.0,2,5,B
8986,1,1.0,42.13406729518567,32.897128143083506,1.0,22,24.0,2016,0.007122317,B,B,1,264,0,990.0,0,1,B
11593,6,1.0,41.4685227245276,39.270827749538,1.0,5,17.0,2016,0.243204519,B,B,5,1564,0,540.0,0,0,B
16248,100,3.0,72.7845277966253,47.07649885158626,9.0,8,14.0,1977,0.200146802,B,B,23,3975,8,770.0,2,0,B
11068,11,3.0,84.73759016013099,46.36080258728897,10.0,16,14.0,2000,0.0001696759999999,B,B,36,5992,0,990.0,1,1,B
11689,52,1.0,43.93099502493726,32.897128143083506,1.0,16,17.0,1977,0.371148999,B,B,34,7065,1,750.0,2,5,B
364,62,2.0,57.96764453948018,32.897128143083506,1.0,8,17.0,1977,0.072157581,B,B,2,629,1,990.0,0,0,A
14741,19,2.0,59.50181965533572,38.03602406647373,9.0,21,22.0,1997,0.000991363,B,B,33,6783,3,990.0,1,9,B
5694,23,1.0,43.58226409307986,32.897128143083506,1.0,5,17.0,1977,0.075778755,B,B,6,1437,3,990.0,0,2,B
5298,27,2.0,62.831444780514325,32.897128143083506,0.0,6,24.0,1977,0.072157581,B,B,2,629,1,990.0,0,0,A
4518,48,2.0,53.99899058847917,34.593313464224714,9.0,15,16.0,1984,0.041124634,B,B,46,9515,5,990.0,1,10,B
13134,38,2.0,70.59945810437101,32.897128143083506,1.0,16,1.0,1977,0.060753049,B,B,15,2787,2,520.0,0,7,B
14298,58,1.0,44.76168586553168,32.897128143083506,0.0,17,17.0,1977,0.43788524,B,B,23,5735,3,1084.0,0,5,B
6765,27,2.0,41.07012044162251,32.897128143083506,0.0,5,12.0,1977,0.072157581,B,B,2,629,1,990.0,0,0,A
15418,28,2.0,43.566384712621065,27.64058336578693,5.0,2,5.0,1966,0.118537385,B,B,30,6207,1,1183.0,1,0,B
11378,23,2.0,59.38049692971982,32.897128143083506,1.0,10,17.0,1977,0.075778755,B,B,6,1437,3,990.0,0,2,B
16677,91,1.0,36.98230459075872,24.01693853817417,5.0,7,9.0,1970,0.000995363,B,B,42,7651,1,990.0,1,5,B
2163,9,3.0,75.43417765765577,42.48023647854807,9.0,22,22.0,1987,0.136244425,B,B,11,2370,0,990.0,0,1,B
10483,34,4.0,95.86585245523588,32.897128143083506,1.0,2,1.0,1977,0.069753361,B,B,53,13670,4,990.0,1,11,B
11761,6,3.0,81.70956719688513,32.897128143083506,1.0,9,17.0,1977,0.243204519,B,B,5,1564,0,540.0,0,0,B
2261,19,4.0,102.72497137995624,67.64164828056221,10.0,13,22.0,1994,0.000991363,B,B,33,6783,3,990.0,1,9,B
3495,27,3.0,82.6528178306488,5.690155050675606,1.0,4,17.0,2015,0.072157581,B,B,2,629,1,990.0,0,0,A
889,27,3.0,86.35754615589289,1.3075258216002177,1.0,10,0.0,1977,0.072157581,B,B,2,629,1,990.0,0,0,A
10896,21,2.0,44.835016139438665,30.72815667426836,5.0,3,5.0,1963,0.034331497,B,B,25,5487,3,990.0,0,4,B
10624,46,4.0,103.74311687771538,64.80375669583208,10.0,21,22.0,1988,0.188783766,B,B,31,6137,4,990.0,0,1,B
3315,52,2.0,66.75054266953568,32.897128143083506,1.0,14,1.0,1977,0.371148999,B,B,34,7065,1,750.0,2,5,B
5611,27,1.0,45.65114152664383,43.722786992823,12.0,6,12.0,1977,0.072157581,B,B,2,629,1,990.0,0,0,A
4344,98,1.0,38.707027459407406,19.44645383481188,7.0,17,17.0,1991,0.089039719,B,B,33,7976,5,990.0,0,11,B
9485,1,3.0,78.9912434730944,32.897128143083506,0.0,11,17.0,1977,0.007122317,B,B,1,264,0,990.0,0,1,B
8973,58,1.0,53.715807460945214,32.897128143083506,1.0,8,1.0,1977,0.43788524,B,B,23,5735,3,1084.0,0,5,B
12320,34,2.0,51.392544692919856,31.111797841625176,8.0,12,17.0,1992,0.069753361,B,B,53,13670,4,990.0,1,11,B
528,7,1.0,36.968232630432574,23.28731038868081,10.0,3,12.0,1966,0.130617806,B,B,39,10418,9,900.0,1,9,B
12108,9,2.0,54.19054268770044,32.89283131275337,9.0,6,17.0,1992,0.069753361,B,B,53,13670,4,990.0,1,11,B
12588,108,3.0,76.53132804062339,53.93333647094448,9.0,7,8.0,1958,0.0,B,B,23,3684,2,990.0,0,4,B
16354,19,3.0,74.00029464880859,42.41066670494863,10.0,9,17.0,1993,0.000991363,B,B,33,6783,3,990.0,1,9,B
9122,27,2.0,46.602980442402526,30.149847491336303,6.0,5,5.0,1969,0.211401214,B,B,9,1892,0,990.0,0,1,B
12081,46,2.0,51.27465972539037,32.591380248090346,7.0,8,12.0,1979,0.188783766,B,B,31,6137,4,990.0,0,1,B
554,62,1.0,45.13309684365087,18.20395548531157,11.0,4,17.0,2016,0.072157581,B,B,2,629,1,990.0,0,0,A
14505,27,1.0,37.39198416737904,20.61769762959123,1.0,10,13.0,1977,0.211401214,B,B,9,1892,0,990.0,0,1,B
6791,1,3.0,72.02327542455551,2.470855692268123,1.0,4,24.0,1977,0.007122317,B,B,1,264,0,990.0,0,1,B
16197,27,1.0,42.726200652094455,40.88475319443671,1.0,2,17.0,2017,0.011654127,B,B,4,915,0,990.0,0,0,B
743,41,3.0,68.57499381319145,44.62498120034636,7.0,2,9.0,1968,0.175054867,B,B,36,10055,3,990.0,1,0,B
16043,10,1.0,33.50776533337324,18.119473104878686,6.0,5,9.0,1972,0.089039719,B,B,33,7976,5,990.0,0,11,B
11946,1,1.0,41.25108462322254,42.78179397812372,6.0,20,20.0,2015,0.007122317,B,B,1,264,0,990.0,0,1,B
14776,55,2.0,56.324101484183686,32.501073649724496,9.0,14,17.0,2000,0.041365446,B,B,31,5569,0,990.0,1,4,B
12359,27,1.0,46.75054924559153,32.897128143083506,0.0,16,0.0,1977,0.211401214,B,B,9,1892,0,990.0,0,1,B
5194,23,1.0,44.52386773618927,17.258233460632233,11.0,3,4.0,2016,0.014072961,B,B,2,475,0,990.0,0,0,B
2158,27,2.0,65.64769300184166,60.727850739324296,1.0,8,17.0,2017,0.011654127,B,B,4,915,0,990.0,0,0,B
6587,52,2.0,64.60993058204129,63.33484751189442,1.0,14,17.0,1977,0.371148999,B,B,34,7065,1,750.0,2,5,B
12876,27,2.0,54.49107181674717,33.587619525656585,9.0,5,17.0,2012,0.011654127,B,B,4,915,0,990.0,0,0,B
15614,62,1.0,46.120870682810605,32.897128143083506,1.0,5,17.0,1977,0.072157581,B,B,2,629,1,990.0,0,0,A
16111,6,2.0,53.05353809944366,32.897128143083506,1.0,3,17.0,1977,0.243204519,B,B,5,1564,0,540.0,0,0,B
11054,19,3.0,76.95085454817605,46.00028331822436,10.0,7,17.0,1993,0.000991363,B,B,33,6783,3,990.0,1,9,B
13599,23,3.0,65.23831177017196,64.91282286118853,1.0,13,17.0,1977,0.034656082,B,B,0,168,0,990.0,0,0,B
12262,1,3.0,81.38355446385975,32.897128143083506,1.0,8,17.0,1977,0.007122317,B,B,1,264,0,990.0,0,1,B
13499,21,2.0,64.77691626352801,34.182155667323165,12.0,17,17.0,2007,0.034331497,B,B,25,5487,3,990.0,0,4,B
7555,1,2.0,64.09070772861901,65.29720566870812,12.0,2,9.0,2018,0.007122317,B,B,1,264,0,990.0,0,1,B
2493,85,1.0,44.66874910326479,32.897128143083506,1.0,9,1.0,1977,0.072157581,B,B,2,629,1,990.0,0,0,A
7039,96,3.0,77.61501016978387,45.03516624063794,10.0,8,14.0,1995,0.041116354,B,B,53,14892,4,990.0,1,4,B
10151,1,2.0,53.82981825338361,53.772421482682425,1.0,10,17.0,1977,0.007122317,B,B,1,264,0,990.0,0,1,B
16119,131,3.0,67.37215136466237,49.50139190292053,6.0,11,3.0,1961,0.0,B,B,23,3684,2,990.0,0,4,B
15719,22,1.0,49.9851066115202,32.897128143083506,1.0,14,25.0,1977,0.118537385,B,B,30,6207,1,1183.0,1,0,B
11718,1,2.0,55.34059302453474,32.897128143083506,1.0,8,17.0,1977,0.007122317,B,B,1,264,0,990.0,0,1,B
4271,8,2.0,58.55134800925896,32.2153987346703,10.0,5,16.0,1981,0.219006007,B,B,28,6746,3,990.0,1,4,B
3127,11,1.0,39.3404853038446,20.961454651028266,8.0,5,12.0,1976,0.0001696759999999,B,B,36,5992,0,990.0,1,1,B
675,64,2.0,47.039400921266136,30.17224410885496,6.0,3,9.0,1975,0.002211665,B,B,39,7614,3,990.0,1,5,A
875,1,1.0,50.745034599622976,32.897128143083506,1.0,12,17.0,1977,0.007122317,B,B,1,264,0,990.0,0,1,B
1938,61,2.0,48.3227793169244,32.348899848055694,5.0,7,9.0,1974,0.300322518,B,B,52,10311,6,990.0,1,9,B
6672,10,2.0,48.43686052302616,33.961521717752646,7.0,4,12.0,1974,0.089039719,B,B,33,7976,5,990.0,0,11,B
7372,61,2.0,48.54753228005514,42.214992112446495,5.0,10,9.0,1976,0.300322518,B,B,52,10311,6,990.0,1,9,B
9865,61,2.0,54.320450432075006,30.03107763244285,11.0,1,16.0,1982,0.300322518,B,B,52,10311,6,990.0,1,9,B
5991,55,3.0,52.4532935032769,31.178348473946485,8.0,3,14.0,1990,0.041365446,B,B,31,5569,0,990.0,1,4,B
3630,23,3.0,68.58456116516244,32.897128143083506,1.0,4,4.0,1977,0.034656082,B,B,0,168,0,990.0,0,0,B
14548,74,2.0,68.64332663658429,32.897128143083506,1.0,7,17.0,1977,0.075778755,B,B,6,1437,3,990.0,0,2,B
8673,27,1.0,47.058040732585056,32.897128143083506,1.0,4,16.0,2015,0.072157581,B,B,2,629,1,990.0,0,0,A
11792,6,1.0,42.02458754161445,18.006901796270046,13.0,21,25.0,1977,0.243204519,B,B,5,1564,0,540.0,0,0,B
624,27,2.0,59.94996365942135,32.897128143083506,0.0,15,0.0,1977,0.011654127,B,B,4,915,0,990.0,0,0,B
10746,6,1.0,40.395733335293706,41.949729258035326,1.0,2,17.0,2016,0.243204519,B,B,5,1564,0,540.0,0,0,B
3696,46,2.0,44.285160148367225,24.124580481348925,5.0,13,12.0,1975,0.188783766,B,B,31,6137,4,990.0,0,1,B
14358,67,1.0,43.85707863238357,46.22643307356097,1.0,20,22.0,1977,0.0077202819999999,B,B,38,4788,2,990.0,0,4,B
2797,67,3.0,66.82232441471817,47.27325325875746,7.0,5,12.0,1978,0.100455735,B,B,43,7227,0,990.0,1,6,A
5549,27,2.0,78.15355270632129,32.897128143083506,1.0,15,12.0,1977,0.072157581,B,B,2,629,1,990.0,0,0,A
13109,77,3.0,67.06293157585868,47.78939393341813,6.0,6,12.0,1981,0.298204575,B,B,16,4048,3,990.0,1,3,B
7813,124,1.0,38.4533939307614,22.61404926906141,9.0,5,14.0,1961,0.16909109,B,B,19,3856,10,990.0,2,5,B
16394,23,1.0,53.77527789755955,32.897128143083506,1.0,3,4.0,1977,0.014072961,B,B,2,475,0,990.0,0,0,B
8726,61,4.0,89.70460900472902,57.73160348055674,8.0,4,14.0,1994,0.300322518,B,B,52,10311,6,990.0,1,9,B
10299,6,2.0,65.76006806091783,32.897128143083506,1.0,10,17.0,2015,0.243204519,B,B,5,1564,0,540.0,0,0,B
15908,61,2.0,46.51061051291392,29.0603704851716,6.0,9,12.0,1977,0.300322518,B,B,52,10311,6,990.0,1,9,B
13468,47,1.0,34.60549624733205,22.565666736260443,6.0,8,9.0,1969,0.298204575,B,B,16,4048,3,990.0,1,3,B
5433,55,1.0,41.868942179032935,22.828053299240192,8.0,14,14.0,1999,0.041365446,B,B,31,5569,0,990.0,1,4,B
1590,27,3.0,79.94568973050725,32.897128143083506,1.0,14,17.0,1977,0.011654127,B,B,4,915,0,990.0,0,0,B
6258,6,1.0,38.19378980253248,32.897128143083506,0.0,12,17.0,1977,0.243204519,B,B,5,1564,0,540.0,0,0,B
12176,145,2.0,62.23332919234233,33.94152162317378,10.0,18,17.0,1988,0.0,B,B,30,5562,0,990.0,0,5,A
15361,96,2.0,49.72512243221449,27.369708765064924,6.0,4,5.0,1975,0.041116354,B,B,53,14892,4,990.0,1,4,B
12506,55,3.0,77.80692249528266,48.38889079952439,10.0,10,17.0,1988,0.041365446,B,B,31,5569,0,990.0,1,4,B
7197,27,3.0,79.55393747573873,32.897128143083506,1.0,5,1.0,1977,0.072157581,B,B,2,629,1,990.0,0,0,A
6877,62,1.0,44.40355371488278,21.17562962066837,9.0,15,17.0,2010,0.072157581,B,B,2,629,1,990.0,0,0,A
632,27,1.0,48.7603390908081,32.897128143083506,1.0,7,17.0,1977,0.017647053,B,B,2,469,0,990.0,0,0,B
8803,6,1.0,42.8469749055384,39.5337996385904,10.0,5,17.0,2013,0.243204519,B,B,5,1564,0,540.0,0,0,B
9972,35,2.0,48.75602723826065,33.10156162254325,6.0,9,9.0,1968,0.089039719,B,B,33,7976,5,990.0,0,11,B
4830,23,2.0,60.67541802034916,60.565770035445134,1.0,5,25.0,1977,0.075778755,B,B,6,1437,3,990.0,0,2,B
758,27,1.0,52.9806866426808,51.51383709885996,12.0,11,17.0,2017,0.072157581,B,B,2,629,1,990.0,0,0,A
1946,55,3.0,76.99346766547983,42.50614640010587,10.0,6,14.0,1998,0.041365446,B,B,31,5569,0,990.0,1,4,B
12598,1,3.0,87.06207373560154,32.897128143083506,10.0,17,22.0,2015,0.007122317,B,B,1,264,0,990.0,0,1,B
6760,38,1.0,46.12544858899494,32.897128143083506,1.0,4,17.0,1977,0.060753049,B,B,15,2787,2,520.0,0,7,B
16052,124,2.0,47.3914066089875,28.51194346660029,5.0,2,9.0,1966,0.16909109,B,B,19,3856,10,990.0,2,5,B
5722,10,1.0,38.63515515559854,20.97625713766785,9.0,8,14.0,1970,0.089039719,B,B,33,7976,5,990.0,0,11,B
10805,48,2.0,53.74609695008119,31.36254529233618,8.0,12,16.0,1983,0.041124634,B,B,46,9515,5,990.0,1,10,B
13805,23,2.0,55.03129296994047,55.77806517493887,1.0,4,12.0,2017,0.005767451,B,B,1,388,0,990.0,0,0,B
1503,62,2.0,46.25205569839256,23.809926927165733,6.0,11,14.0,1975,0.002211665,B,B,39,7614,3,990.0,1,5,A
11537,9,1.0,39.22884557100184,21.89881870155452,8.0,9,14.0,2010,0.31019913,B,B,11,2748,1,990.0,0,0,B
14415,7,2.0,41.093070598938105,29.720989477802032,5.0,4,5.0,1967,0.130617806,B,B,39,10418,9,900.0,1,9,B
14402,39,2.0,46.97752092990465,28.85556723607204,5.0,4,14.0,1976,0.428825818,B,B,25,5011,8,730.0,0,2,B
15147,6,2.0,63.367317200458295,40.99588011533297,10.0,4,17.0,2018,0.243204519,B,B,5,1564,0,540.0,0,0,B
12699,23,1.0,31.297256502104627,27.415963977478533,1.0,8,1.0,2016,0.034656082,B,B,0,168,0,990.0,0,0,B
5242,27,2.0,71.52025221956288,31.908843359924088,10.0,4,17.0,2018,0.011654127,B,B,4,915,0,990.0,0,0,B
6741,27,2.0,59.37957011831522,59.51384856143322,1.0,14,19.0,2015,0.211401214,B,B,9,1892,0,990.0,0,1,B
7639,27,1.0,38.756506999921264,32.897128143083506,1.0,7,1.0,1977,0.211401214,B,B,9,1892,0,990.0,0,1,B
7740,56,1.0,40.96957900317993,22.019286643492197,9.0,16,16.0,1988,0.0,B,B,23,5067,4,990.0,2,6,B
12058,101,1.0,33.423246576792764,18.11339665285072,5.0,5,5.0,1969,0.038692987,B,B,28,6533,1,1015.0,2,5,B
8301,1,2.0,64.67644465593514,32.897128143083506,1.0,17,17.0,1977,0.007122317,B,B,1,264,0,990.0,0,1,B
9577,19,3.0,62.38250154525821,45.15839031528968,5.0,9,9.0,1975,0.309479124,B,B,35,7715,4,990.0,0,6,B
8373,74,2.0,78.62221205458839,32.897128143083506,1.0,9,17.0,1977,0.075778755,B,B,6,1437,3,990.0,0,2,B
15357,91,1.0,41.11348630656638,21.960906539205205,9.0,2,14.0,1972,0.333891544,B,B,30,6564,1,990.0,0,0,B
4001,62,2.0,64.03077365016406,32.897128143083506,1.0,7,1.0,1977,0.072157581,B,B,2,629,1,990.0,0,0,A
3067,31,2.0,60.00699595005486,35.07730981815217,8.0,7,8.0,1961,0.0,B,B,23,3684,2,990.0,0,4,B
227,2,1.0,35.40036771608469,22.38735060270397,5.0,6,9.0,1969,0.130617806,B,B,39,10418,9,900.0,1,9,B
3457,67,1.0,38.8060165398644,26.259672226430705,7.0,6,5.0,2012,0.100455735,B,B,43,7227,0,990.0,1,6,A
13819,46,1.0,30.94516744710193,13.434489510466545,6.0,5,9.0,1968,0.188783766,B,B,31,6137,4,990.0,0,1,B
12551,124,2.0,69.86074198232329,40.89833833725484,8.0,7,5.0,1953,0.16909109,B,B,19,3856,10,990.0,2,5,B
7357,23,3.0,87.779683516247,32.897128143083506,1.0,12,17.0,1977,0.075778755,B,B,6,1437,3,990.0,0,2,B
10542,27,1.0,67.26456239813952,62.509498735414965,12.0,17,17.0,2015,0.072157581,B,B,2,629,1,990.0,0,0,A
5506,1,3.0,82.8911227927767,32.897128143083506,1.0,16,17.0,1977,0.007122317,B,B,1,264,0,990.0,0,1,B
10131,141,3.0,53.36886531810878,28.35633494562121,6.0,11,16.0,1970,0.0,B,B,23,3684,2,990.0,0,4,B
11488,7,3.0,85.864178061831,53.29351181480786,10.0,8,17.0,2005,0.130617806,B,B,39,10418,9,900.0,1,9,B
4884,29,1.0,39.68887710532403,18.944480450824138,8.0,2,14.0,1977,0.069660344,B,B,31,6119,4,990.0,1,2,B
8174,23,1.0,46.88683597148046,32.897128143083506,0.0,3,3.0,2016,0.034656082,B,B,0,168,0,990.0,0,0,B
13185,27,1.0,44.6359141728862,32.897128143083506,0.0,5,17.0,1977,0.072157581,B,B,2,629,1,990.0,0,0,A
973,18,1.0,41.92833188819943,21.385775607732533,8.0,5,14.0,1989,0.0,B,B,30,5562,0,990.0,0,5,A
10464,22,2.0,41.81740187372816,24.50311264467215,5.0,6,9.0,1972,0.118537385,B,B,30,6207,1,1183.0,1,0,B
1781,27,3.0,82.36401543559012,32.897128143083506,1.0,9,12.0,1977,0.072157581,B,B,2,629,1,990.0,0,0,A
8821,34,2.0,52.149908115463546,33.968092454427264,8.0,6,17.0,1995,0.069753361,B,B,53,13670,4,990.0,1,11,B
2492,61,3.0,67.33754390065988,42.228395211941816,8.0,5,9.0,1980,0.300322518,B,B,52,10311,6,990.0,1,9,B
16525,23,1.0,42.09140704138715,32.897128143083506,1.0,3,5.0,1977,0.034656082,B,B,0,168,0,990.0,0,0,B
14287,39,1.0,33.91288312618613,19.44577585644332,6.0,4,9.0,1971,0.428825818,B,B,25,5011,8,730.0,0,2,B
153,67,3.0,64.38160695908242,44.71593166280484,6.0,11,12.0,1975,0.100455735,B,B,43,7227,0,990.0,1,6,A
3214,1,1.0,42.00672251324847,41.11711742689751,10.0,3,9.0,2017,0.007122317,B,B,1,264,0,990.0,0,1,B
4398,58,3.0,86.15978244310621,3.8471747991521656,1.0,8,17.0,1977,0.43788524,B,B,23,5735,3,1084.0,0,5,B
7017,52,3.0,80.50902249916281,48.64579238900214,10.0,16,17.0,2009,0.371148999,B,B,34,7065,1,750.0,2,5,B
8466,6,2.0,66.27001382580022,32.897128143083506,0.0,13,17.0,1977,0.243204519,B,B,5,1564,0,540.0,0,0,B
13666,6,1.0,39.357527431807725,41.89517518039839,1.0,8,17.0,2015,0.243204519,B,B,5,1564,0,540.0,0,0,B
9596,6,2.0,54.22550297262671,32.897128143083506,1.0,12,17.0,2017,0.243204519,B,B,5,1564,0,540.0,0,0,B
3852,58,1.0,49.90641027517503,1.8738337457440823,1.0,6,1.0,2018,0.43788524,B,B,23,5735,3,1084.0,0,5,B
8968,27,2.0,69.84923946355873,32.897128143083506,0.0,3,0.0,1977,0.011654127,B,B,4,915,0,990.0,0,0,B
13516,41,1.0,39.20497879964012,20.607034710180177,9.0,8,12.0,1969,0.175054867,B,B,36,10055,3,990.0,1,0,B
14761,34,2.0,59.54278915675021,60.52886755239632,1.0,16,17.0,2016,0.069753361,B,B,53,13670,4,990.0,1,11,B
9919,29,2.0,48.477259305844605,30.38017957214543,6.0,2,5.0,1963,0.069660344,B,B,31,6119,4,990.0,1,2,B
829,126,1.0,42.199066435420725,24.66746703790884,8.0,4,14.0,2003,0.333891544,B,B,30,6564,1,990.0,0,0,B
8325,18,1.0,41.174564925181066,21.425854187016668,8.0,10,17.0,1998,0.0,B,B,30,5562,0,990.0,0,5,A
206,33,3.0,73.2664704156283,52.33469535126819,8.0,5,5.0,1955,0.051942062,B,B,17,4017,7,800.0,2,0,B
1596,96,2.0,59.715350536352815,36.33636386560799,8.0,7,14.0,2008,0.041116354,B,B,53,14892,4,990.0,1,4,B
2842,7,2.0,42.194931273575,22.595178778977854,7.0,11,12.0,1967,0.130617806,B,B,39,10418,9,900.0,1,9,B
4580,126,3.0,81.85559315676657,52.7250014468629,8.0,6,7.0,1955,0.333891544,B,B,30,6564,1,990.0,0,0,B
11958,56,3.0,79.95395047392044,47.90546432514435,10.0,6,17.0,1988,0.0,B,B,23,5067,4,990.0,2,6,B
10551,6,2.0,54.75786319558336,34.57676409817108,9.0,5,17.0,2010,0.243204519,B,B,5,1564,0,540.0,0,0,B
2767,101,2.0,43.566380697249066,26.934369965365967,6.0,6,12.0,1971,0.038692987,B,B,28,6533,1,1015.0,2,5,B
9448,74,1.0,51.220307798433225,32.897128143083506,1.0,5,17.0,1977,0.075778755,B,B,6,1437,3,990.0,0,2,B
15530,27,2.0,66.65192701612627,67.20904462306596,10.0,3,10.0,2017,0.017647053,B,B,2,469,0,990.0,0,0,B
10720,1,1.0,49.27244798540568,32.897128143083506,1.0,20,24.0,1977,0.007122317,B,B,1,264,0,990.0,0,1,B
7271,48,2.0,63.62405215546094,32.897128143083506,1.0,12,1.0,2016,0.041124634,B,B,46,9515,5,990.0,1,10,B
4134,9,3.0,66.99652234085981,41.69985846886339,8.0,6,12.0,1980,0.136244425,B,B,11,2370,0,990.0,0,1,B
6321,2,2.0,55.32762909591875,34.627817406454355,8.0,11,14.0,1996,0.309479124,B,B,35,7715,4,990.0,0,6,B
12249,6,1.0,43.28614083958464,32.897128143083506,0.0,12,17.0,1977,0.243204519,B,B,5,1564,0,540.0,0,0,B
12017,23,2.0,68.54996608453739,67.53533111046967,1.0,9,17.0,2015,0.034656082,B,B,0,168,0,990.0,0,0,B
3658,6,2.0,64.61251753337437,32.897128143083506,1.0,6,17.0,1977,0.243204519,B,B,5,1564,0,540.0,0,0,B
14734,27,1.0,35.77139226246007,32.897128143083506,0.0,7,0.0,1977,0.011654127,B,B,4,915,0,990.0,0,0,B
1331,2,2.0,45.048484910548574,34.071153476044366,5.0,6,5.0,1967,0.130617806,B,B,39,10418,9,900.0,1,9,B
9158,27,1.0,32.38584024360763,33.030973675405725,1.0,2,15.0,2015,0.211401214,B,B,9,1892,0,990.0,0,1,B
13602,23,1.0,39.38476387458083,32.897128143083506,1.0,7,17.0,2016,0.034656082,B,B,0,168,0,990.0,0,0,B
10798,23,3.0,69.58489082726886,32.897128143083506,1.0,1,3.0,1977,0.005767451,B,B,1,388,0,990.0,0,0,B
7742,55,2.0,54.75165696064707,33.426666924130146,8.0,3,14.0,1996,0.041365446,B,B,31,5569,0,990.0,1,4,B
3434,19,2.0,57.2649564248274,35.82746332039963,8.0,3,5.0,1960,0.309479124,B,B,35,7715,4,990.0,0,6,B
14019,27,2.0,78.71874479987338,32.897128143083506,1.0,6,1.0,1977,0.072157581,B,B,2,629,1,990.0,0,0,A
16072,27,3.0,86.08001244562305,50.43853154117027,10.0,10,17.0,2003,0.041116354,B,B,53,14892,4,990.0,1,4,B
9534,41,2.0,53.41007943012504,31.877028872465488,8.0,6,17.0,1984,0.175054867,B,B,36,10055,3,990.0,1,0,B
2710,11,2.0,81.64508828676794,41.03987869369376,12.0,4,16.0,2004,0.038692987,B,B,28,6533,1,1015.0,2,5,B
15394,67,2.0,70.83598477893811,40.154647228882645,11.0,12,19.0,2014,0.0077202819999999,B,B,38,4788,2,990.0,0,4,B
6770,74,2.0,81.33754907072266,32.897128143083506,1.0,13,1.0,1977,0.075778755,B,B,6,1437,3,990.0,0,2,B
12317,23,3.0,74.45333116814619,50.25648518322311,9.0,1,3.0,2017,0.005767451,B,B,1,388,0,990.0,0,0,B
3425,27,1.0,41.58102024974895,32.897128143083506,1.0,9,12.0,1977,0.011654127,B,B,4,915,0,990.0,0,0,B
8883,23,1.0,41.47880101225748,32.897128143083506,1.0,14,25.0,1977,0.075778755,B,B,6,1437,3,990.0,0,2,B
4364,28,1.0,33.12017889831219,23.59134517215077,5.0,11,9.0,1965,0.333891544,B,B,30,6564,1,990.0,0,0,B
5777,19,1.0,41.08796654050919,21.541109877625733,7.0,4,17.0,2004,0.309479124,B,B,35,7715,4,990.0,0,6,B
13550,27,1.0,41.67176848081333,38.5123464393983,1.0,11,10.0,2019,0.211401214,B,B,9,1892,0,990.0,0,1,B
13329,23,2.0,68.09953793820145,64.84302502745639,1.0,2,17.0,1977,0.075778755,B,B,6,1437,3,990.0,0,2,B
3199,52,2.0,57.53207116331018,34.291382373091075,9.0,12,17.0,1977,0.371148999,B,B,34,7065,1,750.0,2,5,B
14338,27,1.0,48.15957100067676,45.67607831130163,1.0,3,1.0,1977,0.072157581,B,B,2,629,1,990.0,0,0,A
8932,9,3.0,61.62386642520137,57.05144012680068,6.0,6,9.0,1974,0.13012277,B,B,8,1986,0,990.0,0,0,B
395,8,1.0,36.90442755817481,18.064181600946423,6.0,9,9.0,1968,0.43788524,B,B,23,5735,3,1084.0,0,5,B
390,108,2.0,60.13418926048913,36.690519959947046,9.0,6,9.0,1961,0.0,B,B,23,3684,2,990.0,0,4,B
7809,23,2.0,55.76238299788938,32.897128143083506,1.0,2,3.0,1977,0.005767451,B,B,1,388,0,990.0,0,0,B
3480,119,2.0,47.6583382119277,32.67708885392219,5.0,7,5.0,1968,0.000995363,B,B,42,7651,1,990.0,1,5,B
8412,27,2.0,69.46553469097705,65.3751115207031,11.0,2,2.0,1977,0.072157581,B,B,2,629,1,990.0,0,0,A
11538,6,3.0,80.21939967207726,47.660259644506,9.0,13,17.0,2014,0.243204519,B,B,5,1564,0,540.0,0,0,B
14796,52,2.0,53.006470674701255,53.74433945368797,10.0,12,17.0,2017,0.371148999,B,B,34,7065,1,750.0,2,5,B
14879,105,2.0,35.873717265974456,23.486194417928964,5.0,8,9.0,1974,0.069660344,B,B,31,6119,4,990.0,1,2,B
2646,61,3.0,66.69189983744225,45.223552322728,9.0,13,12.0,1965,0.300322518,B,B,52,10311,6,990.0,1,9,B
9363,61,1.0,40.94088711691853,19.835166358956435,9.0,14,16.0,1977,0.300322518,B,B,52,10311,6,990.0,1,9,B
4929,27,2.0,57.16621628827778,55.8861240689206,12.0,3,5.0,1977,0.07542368,B,B,11,3097,0,990.0,0,0,B
4015,34,3.0,83.47455489160984,48.17824109183904,8.0,4,12.0,2000,0.069753361,B,B,53,13670,4,990.0,1,11,B
6554,9,2.0,55.21386558883477,33.78745427959856,11.0,9,10.0,2003,0.31019913,B,B,11,2748,1,990.0,0,0,B
11924,45,1.0,31.772402958121138,19.530045971306823,5.0,5,5.0,1964,0.014423114,B,B,19,3806,4,990.0,0,3,B
2844,1,2.0,64.78505452410977,31.7687144592152,12.0,7,17.0,2014,0.007122317,B,B,1,264,0,990.0,0,1,B
5652,23,2.0,63.98020159074468,32.897128143083506,1.0,2,2.0,1977,0.005767451,B,B,1,388,0,990.0,0,0,B
10749,6,2.0,65.58257179879305,66.67575842977638,1.0,4,2.0,2017,0.243204519,B,B,5,1564,0,540.0,0,0,B
10363,55,1.0,40.545484353832585,23.2474337522083,8.0,5,14.0,1998,0.041365446,B,B,31,5569,0,990.0,1,4,B
15595,27,1.0,34.108911003617266,19.397172190579766,5.0,4,5.0,1976,0.07542368,B,B,11,3097,0,990.0,0,0,B
12776,6,1.0,40.8889909109654,32.897128143083506,1.0,14,17.0,1977,0.243204519,B,B,5,1564,0,540.0,0,0,B
7833,39,2.0,43.559573553003865,27.67972125737875,6.0,1,5.0,1965,0.428825818,B,B,25,5011,8,730.0,0,2,B
15137,23,1.0,44.173905893931206,21.35601948565023,9.0,11,17.0,2018,0.075778755,B,B,6,1437,3,990.0,0,2,B
5399,1,3.0,88.01116413692017,32.897128143083506,10.0,18,22.0,2016,0.007122317,B,B,1,264,0,990.0,0,1,B
9903,67,1.0,34.65381300459845,22.549847876854,6.0,7,9.0,1976,0.0077202819999999,B,B,38,4788,2,990.0,0,4,B
14799,11,3.0,66.16227439518832,46.75020253356257,9.0,9,12.0,1968,0.038692987,B,B,28,6533,1,1015.0,2,5,B
2770,6,1.0,47.5880005756431,32.897128143083506,1.0,9,25.0,1977,0.243204519,B,B,5,1564,0,540.0,0,0,B
13959,52,1.0,41.268566689764775,32.897128143083506,10.0,7,17.0,2016,0.371148999,B,B,34,7065,1,750.0,2,5,B
1770,83,3.0,64.27038711500245,42.39634921759079,8.0,4,9.0,1975,0.100455735,B,B,43,7227,0,990.0,1,6,A
8993,6,2.0,66.88541292977659,59.60894188781763,1.0,16,25.0,2018,0.243204519,B,B,5,1564,0,540.0,0,0,B
4343,6,2.0,55.31578419950132,31.07278999500863,9.0,4,17.0,2016,0.243204519,B,B,5,1564,0,540.0,0,0,B
12579,6,1.0,41.404389537060936,32.897128143083506,0.0,16,0.0,1977,0.243204519,B,B,5,1564,0,540.0,0,0,B
6853,6,2.0,59.23416136200848,32.897128143083506,1.0,4,17.0,1977,0.243204519,B,B,5,1564,0,540.0,0,0,B
2535,93,1.0,43.05703335444503,23.04479043030352,8.0,14,17.0,2010,0.041116354,B,B,53,14892,4,990.0,1,4,B
3180,101,2.0,42.807578680710655,24.33682188303826,6.0,10,12.0,1968,0.038692987,B,B,28,6533,1,1015.0,2,5,B
1524,23,2.0,51.50615043164563,5.221950288965165,1.0,12,17.0,1977,0.034656082,B,B,0,168,0,990.0,0,0,B
14834,27,3.0,56.310351326127424,32.897128143083506,0.0,19,0.0,1977,0.072157581,B,B,2,629,1,990.0,0,0,A
3980,52,3.0,87.41156249378744,32.897128143083506,1.0,12,17.0,1977,0.371148999,B,B,34,7065,1,750.0,2,5,B
13771,27,2.0,57.79582814583778,32.897128143083506,1.0,9,15.0,2015,0.011654127,B,B,4,915,0,990.0,0,0,B
8228,6,3.0,79.1724980420137,45.39711853155686,12.0,4,10.0,2015,0.243204519,B,B,5,1564,0,540.0,0,0,B
